MemberID,LastName,FirstName,CompanyID
1,West,Mary,1004
2,Marshall,Amanda,1001
3,Miller,Rhonda,1004
4,Gonzalez,Carolyn,1000
5,Robinson,Anthony,1007
6,Williams,Edward,1005
7,Jackson,Gregory,1005
8,Knight,Amanda,1010
9,Cline,Amy,1010
10,Hobbs,Heather,1001
11,Lane,Michael,1003
12,Christensen,Brian,1001
13,Butler,Gail,1000
14,Williams,Melissa,1009
15,Green,David,1001
16,Cobb,Christopher,1005
17,Klein,Alexa,1007
18,Morgan,Karen,1002
19,Oliver,Kevin,1010
20,Carlson,Joshua,1000
21,Snow,Lisa,1007
22,Serrano,Kellie,1002
23,Gardner,Julie,1008
24,Baxter,Tommy,1010
25,Jones,Ashley,1005
26,Taylor,Seth,1009
27,Cook,Hannah,1008
28,Chandler,Stacy,1007
29,Rios,Chad,1004
30,Sanchez,Allison,1006
31,Ballard,Seth,1009
32,Cruz,Joan,1004
33,Garza,Shari,1010
34,Delacruz,Michael,1004
35,Adams,Jacob,1004
36,Horn,Shirley,1007
37,Meyer,Dakota,1004
38,Jones,Patricia,1008
39,Norris,Chelsea,1010
40,Lester,Lori,1004
41,Clay,Ryan,1003
42,Nguyen,Michael,1005
43,Nelson,Joseph,1000
44,Brown,Matthew,1003
45,Johnson,Jennifer,1000
46,Clark,Belinda,1006
47,Lee,William,1001
48,Nicholson,Edward,1003
49,Cooper,Kenneth,1007
50,Atkinson,Angela,1008
